YearMonth,Region_Type,Incident_Type,Incident_Count,Avg_Response_Time
2018-01,Rural,Accident,210,16.04794117737552
2018-01,Rural,Cardiac Arrest,83,14.735550526312055
2018-01,Rural,Fire,31,15.586862300037142
2018-01,Rural,Other,95,14.668903391809003
2018-01,Suburban,Accident,430,15.198917852923135
2018-01,Suburban,Cardiac Arrest,198,15.26778131147537
2018-01,Suburban,Fire,93,15.1246052264726
2018-01,Suburban,Other,181,15.265100047334789
2018-01,Urban,Accident,1583,15.129119869577018
2018-01,Urban,Cardiac Arrest,630,15.26874126621037
2018-01,Urban,Fire,322,15.618801475004473
2018-01,Urban,Other,608,15.185538308541242
2018-02,Rural,Accident,208,14.462598711475218
2018-02,Rural,Cardiac Arrest,88,14.58475450370702
2018-02,Rural,Fire,34,15.545973105627226
2018-02,Rural,Other,63,16.09849498804394
2018-02,Suburban,Accident,357,15.109600837209694
2018-02,Suburban,Cardiac Arrest,135,15.933485941630318
2018-02,Suburban,Fire,97,15.380081400280021
2018-02,Suburban,Other,152,14.776821833216388
2018-02,Urban,Accident,1441,14.926538261245076
2018-02,Urban,Cardiac Arrest,605,15.09255802745846
2018-02,Urban,Fire,264,15.343934779491827
2018-02,Urban,Other,588,15.17404860734102
2018-03,Rural,Accident,200,15.116132977262527
2018-03,Rural,Cardiac Arrest,94,14.599840031816633
2018-03,Rural,Fire,37,16.02740070081217
2018-03,Rural,Other,96,14.271521914236617
2018-03,Suburban,Accident,456,14.94921576626526
2018-03,Suburban,Cardiac Arrest,167,15.570612107141873
2018-03,Suburban,Fire,99,15.944807089621646
2018-03,Suburban,Other,192,14.876827597977545
2018-03,Urban,Accident,1579,15.170821117666437
2018-03,Urban,Cardiac Arrest,594,15.03659493836196
2018-03,Urban,Fire,320,15.07824262355177
2018-03,Urban,Other,630,15.391495544815344
2018-04,Rural,Accident,215,14.73166857283956
2018-04,Rural,Cardiac Arrest,74,15.164161889466484
2018-04,Rural,Fire,46,15.552991155882728
2018-04,Rural,Other,91,15.491608801574133
2018-04,Suburban,Accident,450,14.904291566565764
2018-04,Suburban,Cardiac Arrest,150,15.674511686429941
2018-04,Suburban,Fire,82,15.033586649779165
2018-04,Suburban,Other,189,15.348493069436625
2018-04,Urban,Accident,1500,15.078185588635915
2018-04,Urban,Cardiac Arrest,584,14.934255842837205
2018-04,Urban,Fire,323,14.78940681403723
2018-04,Urban,Other,616,14.754615565275982
2018-05,Rural,Accident,223,15.135412942795444
2018-05,Rural,Cardiac Arrest,89,14.430201365016954
2018-05,Rural,Fire,44,14.65240866062215
2018-05,Rural,Other,89,15.508528998214844
2018-05,Suburban,Accident,433,14.838338319977833
2018-05,Suburban,Cardiac Arrest,190,15.848189041274708
2018-05,Suburban,Fire,91,15.486636495482434
2018-05,Suburban,Other,184,15.0123180510081
2018-05,Urban,Accident,1612,14.85197998960818
2018-05,Urban,Cardiac Arrest,603,14.949642415401206
2018-05,Urban,Fire,297,15.416895992027378
2018-05,Urban,Other,609,14.81938493820315
2018-06,Rural,Accident,224,15.084731414779247
2018-06,Rural,Cardiac Arrest,91,14.979628579305142
2018-06,Rural,Fire,38,16.119075016467292
2018-06,Rural,Other,90,15.59859267889792
2018-06,Suburban,Accident,447,15.133333347690309
2018-06,Suburban,Cardiac Arrest,176,14.828774261633496
2018-06,Suburban,Fire,84,15.585486697833735
2018-06,Suburban,Other,142,15.21919695564383
2018-06,Urban,Accident,1513,14.9628803748206
2018-06,Urban,Cardiac Arrest,648,14.995647507742907
2018-06,Urban,Fire,265,15.011397853681714
2018-06,Urban,Other,602,14.975324808066693
2018-07,Rural,Accident,233,15.283472816325645
2018-07,Rural,Cardiac Arrest,82,14.97342939315913
2018-07,Rural,Fire,49,14.806650304838687
2018-07,Rural,Other,96,15.018527378467867
2018-07,Suburban,Accident,463,15.256381588486109
2018-07,Suburban,Cardiac Arrest,194,14.967087505943514
2018-07,Suburban,Fire,71,14.837736467018946
2018-07,Suburban,Other,175,15.50949574438729
2018-07,Urban,Accident,1567,15.067775241713774
2018-07,Urban,Cardiac Arrest,633,15.286172202251054
2018-07,Urban,Fire,304,15.39263335134491
2018-07,Urban,Other,597,15.39375950511529
2018-08,Rural,Accident,228,15.037603684572865
2018-08,Rural,Cardiac Arrest,83,14.429714802090652
2018-08,Rural,Fire,44,15.335067563974109
2018-08,Rural,Other,87,14.902617950997605
2018-08,Suburban,Accident,457,15.011646315102354
2018-08,Suburban,Cardiac Arrest,176,15.476471981999321
2018-08,Suburban,Fire,79,16.105027406251832
2018-08,Suburban,Other,212,14.341409156009783
2018-08,Urban,Accident,1576,14.99032930455447
2018-08,Urban,Cardiac Arrest,625,15.12752839412126
2018-08,Urban,Fire,273,14.932612286147123
2018-08,Urban,Other,624,14.735773699998475
2018-09,Rural,Accident,213,14.54204622548344
2018-09,Rural,Cardiac Arrest,93,14.03212823910272
2018-09,Rural,Fire,41,16.371635010600237
2018-09,Rural,Other,84,15.822864093571335
2018-09,Suburban,Accident,436,15.174223260294742
2018-09,Suburban,Cardiac Arrest,165,15.13719466318706
2018-09,Suburban,Fire,82,14.287177800108122
2018-09,Suburban,Other,184,15.306636188547524
2018-09,Urban,Accident,1517,15.026127044968547
2018-09,Urban,Cardiac Arrest,605,14.652984221867202
2018-09,Urban,Fire,286,14.999216317675875
2018-09,Urban,Other,614,15.154079550012334
2018-10,Rural,Accident,220,15.460807583291595
2018-10,Rural,Cardiac Arrest,100,14.523944967066402
2018-10,Rural,Fire,41,15.209538356673686
2018-10,Rural,Other,96,14.96218368472424
2018-10,Suburban,Accident,465,15.053179726809962
2018-10,Suburban,Cardiac Arrest,174,15.066360371185343
2018-10,Suburban,Fire,105,14.882116348413064
2018-10,Suburban,Other,181,15.542080763872496
2018-10,Urban,Accident,1588,15.049203901930236
2018-10,Urban,Cardiac Arrest,588,15.205322963991938
2018-10,Urban,Fire,305,15.130110278489454
2018-10,Urban,Other,601,14.793869716081234
2018-11,Rural,Accident,200,14.434543110518147
2018-11,Rural,Cardiac Arrest,102,14.968440805642658
2018-11,Rural,Fire,52,15.37688511707351
2018-11,Rural,Other,68,14.997723266110002
2018-11,Suburban,Accident,421,15.182709055997085
2018-11,Suburban,Cardiac Arrest,189,15.30194551319597
2018-11,Suburban,Fire,79,15.520518007577186
2018-11,Suburban,Other,180,14.798121870723346
2018-11,Urban,Accident,1549,15.009777959542687
2018-11,Urban,Cardiac Arrest,576,14.998194628592886
2018-11,Urban,Fire,304,14.916904227795227
2018-11,Urban,Other,600,15.14693099286061
2018-12,Rural,Accident,211,14.697778656986442
2018-12,Rural,Cardiac Arrest,100,14.58608844488816
2018-12,Rural,Fire,35,15.424093005280396
2018-12,Rural,Other,90,14.062408139707143
2018-12,Suburban,Accident,448,15.492701799608449
2018-12,Suburban,Cardiac Arrest,163,15.94131194998896
2018-12,Suburban,Fire,85,15.625557439558074
2018-12,Suburban,Other,196,15.520786389630182
2018-12,Urban,Accident,1562,15.142509125334003
2018-12,Urban,Cardiac Arrest,650,14.89857889959967
2018-12,Urban,Fire,303,14.910299269907323
2018-12,Urban,Other,621,14.447267837638101
2019-01,Rural,Accident,226,15.100940279065394
2019-01,Rural,Cardiac Arrest,89,15.081242606710497
2019-01,Rural,Fire,41,15.243551040818522
2019-01,Rural,Other,101,14.96525142329062
2019-01,Suburban,Accident,449,15.150307787007074
2019-01,Suburban,Cardiac Arrest,166,15.257331371369608
2019-01,Suburban,Fire,87,15.282627839314832
2019-01,Suburban,Other,166,15.044145218234966
2019-01,Urban,Accident,1586,15.16189424741091
2019-01,Urban,Cardiac Arrest,633,14.779384037553156
2019-01,Urban,Fire,294,15.042503090621679
2019-01,Urban,Other,626,15.29716572576818
2019-02,Rural,Accident,206,15.61466209656896
2019-02,Rural,Cardiac Arrest,89,15.482798601580924
2019-02,Rural,Fire,35,16.34872642450763
2019-02,Rural,Other,87,14.560964266492906
2019-02,Suburban,Accident,410,15.450031895127685
2019-02,Suburban,Cardiac Arrest,143,15.158717671253958
2019-02,Suburban,Fire,83,13.889205692946572
2019-02,Suburban,Other,156,15.177498562916213
2019-02,Urban,Accident,1426,14.984815325026439
2019-02,Urban,Cardiac Arrest,568,14.710427120170145
2019-02,Urban,Fire,270,15.203891960446324
2019-02,Urban,Other,559,14.971900143765202
2019-03,Rural,Accident,212,14.973318459598701
2019-03,Rural,Cardiac Arrest,88,15.593508439251567
2019-03,Rural,Fire,32,15.028874460901195
2019-03,Rural,Other,90,14.783193385955544
2019-03,Suburban,Accident,474,15.223394544792743
2019-03,Suburban,Cardiac Arrest,181,14.9820802647785
2019-03,Suburban,Fire,89,14.736921585141593
2019-03,Suburban,Other,170,14.795290472838103
2019-03,Urban,Accident,1539,15.24796457445042
2019-03,Urban,Cardiac Arrest,624,15.170197640405178
2019-03,Urban,Fire,295,14.664228462375723
2019-03,Urban,Other,670,15.234177194717637
2019-04,Rural,Accident,214,14.843548274037891
2019-04,Rural,Cardiac Arrest,90,14.585599190616573
2019-04,Rural,Fire,56,15.741005718353346
2019-04,Rural,Other,89,15.260508116431916
2019-04,Suburban,Accident,444,14.85472048501356
2019-04,Suburban,Cardiac Arrest,168,15.409708070099756
2019-04,Suburban,Fire,87,14.383372875983053
2019-04,Suburban,Other,187,15.178811070778105
2019-04,Urban,Accident,1485,15.02119670896793
2019-04,Urban,Cardiac Arrest,618,14.74864239845603
2019-04,Urban,Fire,297,14.671035604924459
2019-04,Urban,Other,585,14.69492033680822
2019-05,Rural,Accident,234,15.636511450112199
2019-05,Rural,Cardiac Arrest,93,15.614871737899414
2019-05,Rural,Fire,58,16.29164168950882
2019-05,Rural,Other,77,15.425097457869015
2019-05,Suburban,Accident,423,15.236685891917388
2019-05,Suburban,Cardiac Arrest,182,15.585689008406177
2019-05,Suburban,Fire,98,13.979547434848433
2019-05,Suburban,Other,184,15.48137852671957
2019-05,Urban,Accident,1540,15.08180708316539
2019-05,Urban,Cardiac Arrest,619,15.113705338947446
2019-05,Urban,Fire,305,14.67912614573045
2019-05,Urban,Other,651,14.887919572106416
2019-06,Rural,Accident,207,15.233848231879414
2019-06,Rural,Cardiac Arrest,91,15.160345402836564
2019-06,Rural,Fire,36,15.255845475269986
2019-06,Rural,Other,79,16.048450683056004
2019-06,Suburban,Accident,458,15.213308493300195
2019-06,Suburban,Cardiac Arrest,165,14.900044448060346
2019-06,Suburban,Fire,94,15.699331380818025
2019-06,Suburban,Other,188,14.890792399871502
2019-06,Urban,Accident,1484,14.974047802851315
2019-06,Urban,Cardiac Arrest,605,14.999112169448066
2019-06,Urban,Fire,309,15.147917634334714
2019-06,Urban,Other,604,14.905350186848631
2019-07,Rural,Accident,208,15.661279101632726
2019-07,Rural,Cardiac Arrest,86,14.15546382079463
2019-07,Rural,Fire,50,15.398555636399358
2019-07,Rural,Other,78,15.460183702555204
2019-07,Suburban,Accident,460,15.041963569973555
2019-07,Suburban,Cardiac Arrest,193,14.84479039249027
2019-07,Suburban,Fire,108,15.276197020384382
2019-07,Suburban,Other,182,15.11755194246541
2019-07,Urban,Accident,1525,15.153925326945583
2019-07,Urban,Cardiac Arrest,644,14.78375128965326
2019-07,Urban,Fire,302,14.86612234223294
2019-07,Urban,Other,628,15.451737490998283
2019-08,Rural,Accident,227,15.019067366016136
2019-08,Rural,Cardiac Arrest,85,15.312714052976684
2019-08,Rural,Fire,46,15.11509178624895
2019-08,Rural,Other,92,14.539792268344279
2019-08,Suburban,Accident,436,15.31136074424887
2019-08,Suburban,Cardiac Arrest,155,15.802843422995428
2019-08,Suburban,Fire,78,14.688875346195651
2019-08,Suburban,Other,184,14.88184582890886
2019-08,Urban,Accident,1639,15.031655749843162
2019-08,Urban,Cardiac Arrest,641,14.91716886228256
2019-08,Urban,Fire,303,15.101407170150205
2019-08,Urban,Other,578,14.856016736374555
2019-09,Rural,Accident,196,15.430090599576017
2019-09,Rural,Cardiac Arrest,88,15.756538192000859
2019-09,Rural,Fire,33,15.208808939616091
2019-09,Rural,Other,94,14.850770311083076
2019-09,Suburban,Accident,424,14.94510746920892
2019-09,Suburban,Cardiac Arrest,168,15.132625301094782
2019-09,Suburban,Fire,84,14.541728737083096
2019-09,Suburban,Other,161,15.209161983737996
2019-09,Urban,Accident,1528,15.188678227569198
2019-09,Urban,Cardiac Arrest,640,15.321205993809297
2019-09,Urban,Fire,303,14.874929377834816
2019-09,Urban,Other,601,15.193857182113323
2019-10,Rural,Accident,240,15.131647254648145
2019-10,Rural,Cardiac Arrest,84,14.8914395539836
2019-10,Rural,Fire,48,14.515036482739616
2019-10,Rural,Other,81,14.79222085092589
2019-10,Suburban,Accident,461,14.852540878012679
2019-10,Suburban,Cardiac Arrest,159,15.035311368265393
2019-10,Suburban,Fire,84,14.724407557428497
2019-10,Suburban,Other,172,14.888340388075134
2019-10,Urban,Accident,1518,15.41076629472026
2019-10,Urban,Cardiac Arrest,656,14.842836037854717
2019-10,Urban,Fire,315,14.85985509275168
2019-10,Urban,Other,646,15.066432429199656
2019-11,Rural,Accident,218,15.564774534061867
2019-11,Rural,Cardiac Arrest,88,15.045924550411927
2019-11,Rural,Fire,46,14.628226326295701
2019-11,Rural,Other,91,15.371804759407906
2019-11,Suburban,Accident,434,15.060316702162742
2019-11,Suburban,Cardiac Arrest,197,15.264304472275345
2019-11,Suburban,Fire,72,15.305178383510404
2019-11,Suburban,Other,174,15.642561522267599
2019-11,Urban,Accident,1483,15.004133545166257
2019-11,Urban,Cardiac Arrest,653,14.907539279270932
2019-11,Urban,Fire,275,15.154904061989063
2019-11,Urban,Other,589,15.122825834747305
2019-12,Rural,Accident,228,15.072879676120333
2019-12,Rural,Cardiac Arrest,90,15.357961264143713
2019-12,Rural,Fire,34,15.767818237341901
2019-12,Rural,Other,80,15.130221320319361
2019-12,Suburban,Accident,444,15.424725178862843
2019-12,Suburban,Cardiac Arrest,181,14.84117757740702
2019-12,Suburban,Fire,92,15.24209805851714
2019-12,Suburban,Other,178,14.70569238176144
2019-12,Urban,Accident,1531,15.154960035923416
2019-12,Urban,Cardiac Arrest,626,14.645037686884079
2019-12,Urban,Fire,342,15.26097232936942
2019-12,Urban,Other,638,14.876842119481031
2020-01,Rural,Accident,237,14.82207954184251
2020-01,Rural,Cardiac Arrest,95,14.52441334349135
2020-01,Rural,Fire,41,14.675022681733932
2020-01,Rural,Other,75,14.028573541879208
2020-01,Suburban,Accident,445,15.802371112743971
2020-01,Suburban,Cardiac Arrest,175,15.61725509840842
2020-01,Suburban,Fire,85,15.096140464914601
2020-01,Suburban,Other,157,15.452384797092558
2020-01,Urban,Accident,1603,15.211959576464926
2020-01,Urban,Cardiac Arrest,637,15.084895225401532
2020-01,Urban,Fire,313,15.286454085577956
2020-01,Urban,Other,601,14.922914222946494
2020-02,Rural,Accident,205,15.082932004611418
2020-02,Rural,Cardiac Arrest,81,15.09539705702107
2020-02,Rural,Fire,45,15.32741093936487
2020-02,Rural,Other,86,15.308301516972431
2020-02,Suburban,Accident,432,15.182603305704529
2020-02,Suburban,Cardiac Arrest,180,14.44482730793557
2020-02,Suburban,Fire,71,15.136259397996886
2020-02,Suburban,Other,153,15.056168054969206
2020-02,Urban,Accident,1456,14.959183691736905
2020-02,Urban,Cardiac Arrest,590,14.865141012513956
2020-02,Urban,Fire,288,15.129179017834433
2020-02,Urban,Other,589,15.061332133257563
2020-03,Rural,Accident,249,14.683502277009246
2020-03,Rural,Cardiac Arrest,89,14.131482410663128
2020-03,Rural,Fire,44,16.268661873235768
2020-03,Rural,Other,81,15.130630357052198
2020-03,Suburban,Accident,451,15.118448238205085
2020-03,Suburban,Cardiac Arrest,186,14.968404223487005
2020-03,Suburban,Fire,88,14.034930187032222
2020-03,Suburban,Other,178,15.381787324541635
2020-03,Urban,Accident,1524,14.84980311685203
2020-03,Urban,Cardiac Arrest,584,15.081633517204049
2020-03,Urban,Fire,344,15.038292168805798
2020-03,Urban,Other,646,14.970103324334325
2020-04,Rural,Accident,210,15.233396535388996
2020-04,Rural,Cardiac Arrest,78,15.584103491191744
2020-04,Rural,Fire,41,14.822976982378236
2020-04,Rural,Other,87,14.279743661598186
2020-04,Suburban,Accident,418,15.492390842228197
2020-04,Suburban,Cardiac Arrest,179,15.317392223249689
2020-04,Suburban,Fire,76,15.422563131717675
2020-04,Suburban,Other,171,14.970466703522282
2020-04,Urban,Accident,1541,14.976174329988272
2020-04,Urban,Cardiac Arrest,610,15.309213534794239
2020-04,Urban,Fire,321,15.074397777526896
2020-04,Urban,Other,588,14.93828440486257
2020-05,Rural,Accident,209,15.20841804377844
2020-05,Rural,Cardiac Arrest,83,15.557330064605695
2020-05,Rural,Fire,48,15.751792088228028
2020-05,Rural,Other,95,14.247143637053673
2020-05,Suburban,Accident,436,14.98313531365405
2020-05,Suburban,Cardiac Arrest,168,15.48106336835062
2020-05,Suburban,Fire,76,14.833694972216676
2020-05,Suburban,Other,189,15.088120063645551
2020-05,Urban,Accident,1610,15.305190921920504
2020-05,Urban,Cardiac Arrest,639,14.917529092590863
2020-05,Urban,Fire,293,14.975495275289974
2020-05,Urban,Other,618,15.069030628947313
2020-06,Rural,Accident,205,15.308996945194927
2020-06,Rural,Cardiac Arrest,83,14.204595228578027
2020-06,Rural,Fire,31,15.046815604827717
2020-06,Rural,Other,90,15.358819136390203
2020-06,Suburban,Accident,426,15.021860977038148
2020-06,Suburban,Cardiac Arrest,189,15.203978092631756
2020-06,Suburban,Fire,84,14.498915321688779
2020-06,Suburban,Other,193,15.39011129899329
2020-06,Urban,Accident,1531,15.108231043166624
2020-06,Urban,Cardiac Arrest,580,14.975618580184035
2020-06,Urban,Fire,326,14.921374995466726
2020-06,Urban,Other,582,15.235792968355584
2020-07,Rural,Accident,218,15.737953615722784
2020-07,Rural,Cardiac Arrest,87,14.601092671247
2020-07,Rural,Fire,54,16.39291475174141
2020-07,Rural,Other,87,14.241158653584877
2020-07,Suburban,Accident,486,14.62560589285431
2020-07,Suburban,Cardiac Arrest,169,15.470040184170426
2020-07,Suburban,Fire,89,14.977093297897245
2020-07,Suburban,Other,189,14.785813704805275
2020-07,Urban,Accident,1555,15.15946229664729
2020-07,Urban,Cardiac Arrest,619,14.819306517357935
2020-07,Urban,Fire,315,15.0025343703143
2020-07,Urban,Other,596,15.341709251869919
2020-08,Rural,Accident,250,15.116506855904372
2020-08,Rural,Cardiac Arrest,73,14.817639972777785
2020-08,Rural,Fire,35,14.821249288271956
2020-08,Rural,Other,97,14.535105557865888
2020-08,Suburban,Accident,490,14.941545080607582
2020-08,Suburban,Cardiac Arrest,157,15.466016534168817
2020-08,Suburban,Fire,97,14.63501017346861
2020-08,Suburban,Other,165,14.687963926954895
2020-08,Urban,Accident,1581,14.837712849693975
2020-08,Urban,Cardiac Arrest,583,15.21884121338591
2020-08,Urban,Fire,316,15.419365480788207
2020-08,Urban,Other,620,15.24098494757343
2020-09,Rural,Accident,210,15.28345801399872
2020-09,Rural,Cardiac Arrest,79,15.272613305300862
2020-09,Rural,Fire,41,14.65722718342653
2020-09,Rural,Other,87,14.708880594232975
2020-09,Suburban,Accident,429,15.224806737072443
2020-09,Suburban,Cardiac Arrest,171,14.95743251420999
2020-09,Suburban,Fire,88,14.108592547605912
2020-09,Suburban,Other,176,14.314312325424277
2020-09,Urban,Accident,1537,15.024508939287571
2020-09,Urban,Cardiac Arrest,584,15.198426355238556
2020-09,Urban,Fire,332,14.73606554889043
2020-09,Urban,Other,586,14.966890561913395
2020-10,Rural,Accident,212,14.92455634970438
2020-10,Rural,Cardiac Arrest,95,14.653061932043764
2020-10,Rural,Fire,44,14.844209453643776
2020-10,Rural,Other,88,15.018043881668786
2020-10,Suburban,Accident,407,15.092175094217849
2020-10,Suburban,Cardiac Arrest,169,14.758005855144452
2020-10,Suburban,Fire,88,14.02687226919428
2020-10,Suburban,Other,185,15.11850650792479
2020-10,Urban,Accident,1582,15.05641472103846
2020-10,Urban,Cardiac Arrest,639,15.21969430809334
2020-10,Urban,Fire,298,14.810101889587676
2020-10,Urban,Other,657,14.992237863369493
2020-11,Rural,Accident,221,14.117855740443776
2020-11,Rural,Cardiac Arrest,72,14.855133334817786
2020-11,Rural,Fire,54,15.945278838108969
2020-11,Rural,Other,85,15.478496344498566
2020-11,Suburban,Accident,417,15.067392633180523
2020-11,Suburban,Cardiac Arrest,175,14.529203923546822
2020-11,Suburban,Fire,88,14.622379935373816
2020-11,Suburban,Other,158,15.125681587583596
2020-11,Urban,Accident,1516,15.195351145153198
2020-11,Urban,Cardiac Arrest,574,14.978102361825597
2020-11,Urban,Fire,335,14.975588053882927
2020-11,Urban,Other,625,15.139670214925069
2020-12,Rural,Accident,216,15.175655660261375
2020-12,Rural,Cardiac Arrest,85,14.347123527564342
2020-12,Rural,Fire,50,15.27308403649893
2020-12,Rural,Other,77,14.834503979515038
2020-12,Suburban,Accident,455,15.017328685608131
2020-12,Suburban,Cardiac Arrest,192,14.550688305109803
2020-12,Suburban,Fire,89,14.766243968667567
2020-12,Suburban,Other,155,15.46337043483183
2020-12,Urban,Accident,1611,14.862784565788012
2020-12,Urban,Cardiac Arrest,607,15.105960889568264
2020-12,Urban,Fire,325,14.62102897144975
2020-12,Urban,Other,602,15.391154045882237
2021-01,Rural,Accident,237,15.067242351721774
2021-01,Rural,Cardiac Arrest,91,14.898053865932157
2021-01,Rural,Fire,44,13.858549113549389
2021-01,Rural,Other,78,15.554053788190632
2021-01,Suburban,Accident,422,14.77140730814789
2021-01,Suburban,Cardiac Arrest,174,14.47746018078509
2021-01,Suburban,Fire,84,15.360775186376477
2021-01,Suburban,Other,201,14.768632587410409
2021-01,Urban,Accident,1530,15.162549290549395
2021-01,Urban,Cardiac Arrest,683,14.903912968473906
2021-01,Urban,Fire,331,15.12431573667699
2021-01,Urban,Other,589,15.2909556916273
2021-02,Rural,Accident,190,15.375276017005607
2021-02,Rural,Cardiac Arrest,89,15.979695381363287
2021-02,Rural,Fire,51,14.624428895725757
2021-02,Rural,Other,84,14.499767483684263
2021-02,Suburban,Accident,384,14.870516689881292
2021-02,Suburban,Cardiac Arrest,171,14.888040441885934
2021-02,Suburban,Fire,77,14.94608516923087
2021-02,Suburban,Other,174,14.399198215421698
2021-02,Urban,Accident,1398,15.027921172160818
2021-02,Urban,Cardiac Arrest,579,14.898575058222898
2021-02,Urban,Fire,263,14.924357868690542
2021-02,Urban,Other,572,14.971564460517266
2021-03,Rural,Accident,217,14.514853336059359
2021-03,Rural,Cardiac Arrest,98,14.962335745539244
2021-03,Rural,Fire,46,14.534544234081265
2021-03,Rural,Other,101,14.968219323784375
2021-03,Suburban,Accident,446,15.294981238363816
2021-03,Suburban,Cardiac Arrest,167,14.58827366410097
2021-03,Suburban,Fire,86,14.749460959515263
2021-03,Suburban,Other,168,14.852210798814601
2021-03,Urban,Accident,1565,15.00715612157843
2021-03,Urban,Cardiac Arrest,643,14.936639055141054
2021-03,Urban,Fire,303,14.719350680859453
2021-03,Urban,Other,624,15.252706445639719
2021-04,Rural,Accident,207,14.991481564870238
2021-04,Rural,Cardiac Arrest,77,15.65366625132546
2021-04,Rural,Fire,39,15.76861745977225
2021-04,Rural,Other,80,15.514206269695581
2021-04,Suburban,Accident,413,15.165082015150213
2021-04,Suburban,Cardiac Arrest,168,15.273408915695038
2021-04,Suburban,Fire,89,14.612322205859908
2021-04,Suburban,Other,161,14.705636782957047
2021-04,Urban,Accident,1520,14.832049662647174
2021-04,Urban,Cardiac Arrest,615,14.640528595881579
2021-04,Urban,Fire,322,14.708435099577631
2021-04,Urban,Other,629,15.008648045946146
2021-05,Rural,Accident,225,15.116154692282706
2021-05,Rural,Cardiac Arrest,92,15.169920419804935
2021-05,Rural,Fire,46,14.973690391617065
2021-05,Rural,Other,90,15.081779866757266
2021-05,Suburban,Accident,483,15.493412313043944
2021-05,Suburban,Cardiac Arrest,184,15.303555878643591
2021-05,Suburban,Fire,85,15.212275505627165
2021-05,Suburban,Other,174,14.895063076336212
2021-05,Urban,Accident,1520,15.247100709627532
2021-05,Urban,Cardiac Arrest,613,14.826093585308262
2021-05,Urban,Fire,324,14.82740462357932
2021-05,Urban,Other,628,14.885521968302061
2021-06,Rural,Accident,218,14.893054775072452
2021-06,Rural,Cardiac Arrest,78,15.68701687050876
2021-06,Rural,Fire,52,15.70576447262947
2021-06,Rural,Other,83,15.16433414613311
2021-06,Suburban,Accident,432,14.824102704120703
2021-06,Suburban,Cardiac Arrest,172,15.468705973852657
2021-06,Suburban,Fire,77,13.811429457857662
2021-06,Suburban,Other,181,15.39376233218716
2021-06,Urban,Accident,1500,14.99628461894772
2021-06,Urban,Cardiac Arrest,599,14.913300258520827
2021-06,Urban,Fire,307,15.06272353372843
2021-06,Urban,Other,621,14.939003501201912
2021-07,Rural,Accident,224,14.860751583191755
2021-07,Rural,Cardiac Arrest,87,15.368129695745653
2021-07,Rural,Fire,44,14.540297700723647
2021-07,Rural,Other,100,15.52151822684767
2021-07,Suburban,Accident,467,14.93375612920606
2021-07,Suburban,Cardiac Arrest,174,14.58970252785071
2021-07,Suburban,Fire,93,15.289794836052863
2021-07,Suburban,Other,179,14.712335999854004
2021-07,Urban,Accident,1573,15.179535169213162
2021-07,Urban,Cardiac Arrest,630,15.231603767908332
2021-07,Urban,Fire,286,15.096974495549027
2021-07,Urban,Other,607,15.332659932535067
2021-08,Rural,Accident,222,14.7243689812481
2021-08,Rural,Cardiac Arrest,90,15.533216030607893
2021-08,Rural,Fire,42,15.844613138927933
2021-08,Rural,Other,103,14.03283807594481
2021-08,Suburban,Accident,457,14.957332978246537
2021-08,Suburban,Cardiac Arrest,166,15.471122950323378
2021-08,Suburban,Fire,78,14.909683956999766
2021-08,Suburban,Other,167,15.489531909207793
2021-08,Urban,Accident,1518,14.984077688288064
2021-08,Urban,Cardiac Arrest,621,15.095627308264964
2021-08,Urban,Fire,330,15.259757710767568
2021-08,Urban,Other,670,14.981726014079602
2021-09,Rural,Accident,201,14.771377370801774
2021-09,Rural,Cardiac Arrest,82,14.340261269747787
2021-09,Rural,Fire,55,14.762297771892385
2021-09,Rural,Other,87,16.055291861096507
2021-09,Suburban,Accident,431,15.399605373286207
2021-09,Suburban,Cardiac Arrest,183,15.330641122526089
2021-09,Suburban,Fire,81,15.049411203120762
2021-09,Suburban,Other,164,14.958252690800455
2021-09,Urban,Accident,1521,15.003786042538682
2021-09,Urban,Cardiac Arrest,652,15.110130068048553
2021-09,Urban,Fire,281,14.873035577194134
2021-09,Urban,Other,582,15.40483215066267
2021-10,Rural,Accident,204,15.885501357822513
2021-10,Rural,Cardiac Arrest,83,15.263873480636356
2021-10,Rural,Fire,36,15.270506941736336
2021-10,Rural,Other,82,14.89512631703453
2021-10,Suburban,Accident,443,15.039192942702043
2021-10,Suburban,Cardiac Arrest,194,14.82300887315554
2021-10,Suburban,Fire,88,14.750330300759613
2021-10,Suburban,Other,187,14.633011152259039
2021-10,Urban,Accident,1587,14.955503554508322
2021-10,Urban,Cardiac Arrest,587,15.394173845468568
2021-10,Urban,Fire,311,15.350773383919044
2021-10,Urban,Other,662,14.85360872383028
2021-11,Rural,Accident,219,14.846009704186072
2021-11,Rural,Cardiac Arrest,98,14.19747814526867
2021-11,Rural,Fire,51,16.603108503405252
2021-11,Rural,Other,88,15.371632195701194
2021-11,Suburban,Accident,441,15.153849594705106
2021-11,Suburban,Cardiac Arrest,188,14.594882212572802
2021-11,Suburban,Fire,83,15.53477223795112
2021-11,Suburban,Other,166,15.663836281433104
2021-11,Urban,Accident,1488,15.020283203344253
2021-11,Urban,Cardiac Arrest,610,15.013734358013831
2021-11,Urban,Fire,302,15.203457886662761
2021-11,Urban,Other,586,14.861731265527872
2021-12,Rural,Accident,216,14.648004101876015
2021-12,Rural,Cardiac Arrest,86,14.488814343783963
2021-12,Rural,Fire,63,15.589189912555996
2021-12,Rural,Other,93,15.328401120797592
2021-12,Suburban,Accident,415,15.169584601068257
2021-12,Suburban,Cardiac Arrest,190,15.315162313050148
2021-12,Suburban,Fire,84,15.1203459000094
2021-12,Suburban,Other,198,15.053779212733888
2021-12,Urban,Accident,1575,15.020226896103003
2021-12,Urban,Cardiac Arrest,621,14.999744927486955
2021-12,Urban,Fire,288,14.932927584212942
2021-12,Urban,Other,635,15.242770371547532
2022-01,Rural,Accident,211,15.540643117874724
2022-01,Rural,Cardiac Arrest,84,15.737258534249637
2022-01,Rural,Fire,48,14.87747512819552
2022-01,Rural,Other,106,14.994310534626342
2022-01,Suburban,Accident,451,14.993697566020128
2022-01,Suburban,Cardiac Arrest,184,14.945447729621215
2022-01,Suburban,Fire,74,14.800859361498267
2022-01,Suburban,Other,199,14.641443953865569
2022-01,Urban,Accident,1513,15.032846841367341
2022-01,Urban,Cardiac Arrest,630,15.092474786968584
2022-01,Urban,Fire,342,15.359882576403345
2022-01,Urban,Other,622,14.924153439500012
2022-02,Rural,Accident,183,15.475741343576093
2022-02,Rural,Cardiac Arrest,85,16.019696185636043
2022-02,Rural,Fire,55,16.252517343014226
2022-02,Rural,Other,84,14.981796621546184
2022-02,Suburban,Accident,380,14.874546012495863
2022-02,Suburban,Cardiac Arrest,193,14.713497991497091
2022-02,Suburban,Fire,74,15.049551778518834
2022-02,Suburban,Other,164,14.470310781839302
2022-02,Urban,Accident,1423,14.976630315740659
2022-02,Urban,Cardiac Arrest,543,15.224459559650663
2022-02,Urban,Fire,310,15.162578991696906
2022-02,Urban,Other,538,15.028663838131514
2022-03,Rural,Accident,213,15.21842166169877
2022-03,Rural,Cardiac Arrest,94,14.943892954555562
2022-03,Rural,Fire,34,15.709413510497898
2022-03,Rural,Other,99,15.15131101926321
2022-03,Suburban,Accident,424,14.764892010069877
2022-03,Suburban,Cardiac Arrest,191,14.685888864693906
2022-03,Suburban,Fire,89,15.281871810112925
2022-03,Suburban,Other,190,15.62044722732964
2022-03,Urban,Accident,1577,15.034147598613517
2022-03,Urban,Cardiac Arrest,635,15.048326255325083
2022-03,Urban,Fire,300,15.341946275532115
2022-03,Urban,Other,618,14.795410914049436
2022-04,Rural,Accident,206,14.411510976214064
2022-04,Rural,Cardiac Arrest,78,15.152697339316159
2022-04,Rural,Fire,37,15.393557604348421
2022-04,Rural,Other,75,15.182883196674123
2022-04,Suburban,Accident,424,14.84618296896155
2022-04,Suburban,Cardiac Arrest,177,15.013965303492515
2022-04,Suburban,Fire,86,15.160164444499419
2022-04,Suburban,Other,160,14.324302775199758
2022-04,Urban,Accident,1531,15.070436761253227
2022-04,Urban,Cardiac Arrest,602,15.058663076624285
2022-04,Urban,Fire,312,15.319492735413547
2022-04,Urban,Other,632,15.173992551868377
2022-05,Rural,Accident,236,15.324584092145454
2022-05,Rural,Cardiac Arrest,92,14.292984896746443
2022-05,Rural,Fire,36,14.595409642741815
2022-05,Rural,Other,101,15.282550558668014
2022-05,Suburban,Accident,444,15.392630587468144
2022-05,Suburban,Cardiac Arrest,164,14.699407640749493
2022-05,Suburban,Fire,89,15.37048353712541
2022-05,Suburban,Other,188,15.322689994090021
2022-05,Urban,Accident,1583,15.042651284209462
2022-05,Urban,Cardiac Arrest,603,15.101273554518025
2022-05,Urban,Fire,287,15.309620278072071
2022-05,Urban,Other,641,14.975438420983885
2022-06,Rural,Accident,220,14.775649718740652
2022-06,Rural,Cardiac Arrest,75,16.006129865556712
2022-06,Rural,Fire,47,14.613100988192159
2022-06,Rural,Other,93,14.95945184411429
2022-06,Suburban,Accident,412,14.986453280128446
2022-06,Suburban,Cardiac Arrest,172,14.88322770691493
2022-06,Suburban,Fire,86,15.025286447689952
2022-06,Suburban,Other,190,15.30762178555655
2022-06,Urban,Accident,1530,15.137634572439948
2022-06,Urban,Cardiac Arrest,619,14.932663567144054
2022-06,Urban,Fire,292,14.786902883786771
2022-06,Urban,Other,584,15.072739152222026
2022-07,Rural,Accident,258,14.829966950311498
2022-07,Rural,Cardiac Arrest,78,15.404680258417562
2022-07,Rural,Fire,43,14.62709643057697
2022-07,Rural,Other,85,15.29320768502762
2022-07,Suburban,Accident,434,14.933439091032247
2022-07,Suburban,Cardiac Arrest,155,14.623749613091306
2022-07,Suburban,Fire,88,15.880713023916837
2022-07,Suburban,Other,169,14.642652008149307
2022-07,Urban,Accident,1569,14.938537654961948
2022-07,Urban,Cardiac Arrest,645,14.713011419132112
2022-07,Urban,Fire,310,15.037023939124744
2022-07,Urban,Other,630,15.049567522236904
2022-08,Rural,Accident,209,15.089444991547333
2022-08,Rural,Cardiac Arrest,105,14.919957419511293
2022-08,Rural,Fire,54,14.190228353433346
2022-08,Rural,Other,85,14.595092437630523
2022-08,Suburban,Accident,446,15.121665747060668
2022-08,Suburban,Cardiac Arrest,191,14.487308870713502
2022-08,Suburban,Fire,90,14.974557519958426
2022-08,Suburban,Other,170,15.239607902652255
2022-08,Urban,Accident,1565,14.973510830095002
2022-08,Urban,Cardiac Arrest,618,14.8839765035547
2022-08,Urban,Fire,308,14.725886985629542
2022-08,Urban,Other,623,15.056614144758836
2022-09,Rural,Accident,241,15.342880625653743
2022-09,Rural,Cardiac Arrest,87,15.845401746575028
2022-09,Rural,Fire,36,14.463429794487004
2022-09,Rural,Other,100,15.401239181534526
2022-09,Suburban,Accident,423,14.896637831290839
2022-09,Suburban,Cardiac Arrest,185,15.499815475463807
2022-09,Suburban,Fire,78,15.844835368764784
2022-09,Suburban,Other,190,15.182189651827995
2022-09,Urban,Accident,1477,14.861237295643873
2022-09,Urban,Cardiac Arrest,606,15.167120019965278
2022-09,Urban,Fire,324,14.830402074198682
2022-09,Urban,Other,573,14.841627642241425
2022-10,Rural,Accident,195,15.45003159252779
2022-10,Rural,Cardiac Arrest,96,14.87270459275558
2022-10,Rural,Fire,52,15.080194555772268
2022-10,Rural,Other,93,15.13649851942256
2022-10,Suburban,Accident,468,15.281795703814273
2022-10,Suburban,Cardiac Arrest,185,15.015525714938661
2022-10,Suburban,Fire,85,14.754154186732585
2022-10,Suburban,Other,194,14.601820952602651
2022-10,Urban,Accident,1567,15.061924372155415
2022-10,Urban,Cardiac Arrest,600,15.227181611176572
2022-10,Urban,Fire,309,15.241782608611206
2022-10,Urban,Other,620,14.935859727927431
2022-11,Rural,Accident,231,14.892867358493726
2022-11,Rural,Cardiac Arrest,79,15.70897805296551
2022-11,Rural,Fire,35,15.104893288327377
2022-11,Rural,Other,85,15.032473628918677
2022-11,Suburban,Accident,480,15.42156214394134
2022-11,Suburban,Cardiac Arrest,183,15.595048113073087
2022-11,Suburban,Fire,92,15.788181844530119
2022-11,Suburban,Other,162,14.678920852393663
2022-11,Urban,Accident,1475,15.231701198173678
2022-11,Urban,Cardiac Arrest,607,15.154180656431373
2022-11,Urban,Fire,283,15.483067175153614
2022-11,Urban,Other,608,15.13960581426277
2022-12,Rural,Accident,194,15.650154728134362
2022-12,Rural,Cardiac Arrest,110,14.611027092392222
2022-12,Rural,Fire,41,16.190771109475257
2022-12,Rural,Other,82,16.57684238309105
2022-12,Suburban,Accident,455,15.235678929026767
2022-12,Suburban,Cardiac Arrest,175,15.051342774840307
2022-12,Suburban,Fire,86,15.907988845039144
2022-12,Suburban,Other,170,14.674822905010794
2022-12,Urban,Accident,1584,14.966729055458634
2022-12,Urban,Cardiac Arrest,654,15.022233603469815
2022-12,Urban,Fire,297,15.445781644942524
2022-12,Urban,Other,616,15.084659241188485
2023-01,Rural,Accident,234,14.704052178316944
2023-01,Rural,Cardiac Arrest,99,16.086318755889597
2023-01,Rural,Fire,50,14.806083774307776
2023-01,Rural,Other,90,14.020802440470083
2023-01,Suburban,Accident,414,15.255859812528543
2023-01,Suburban,Cardiac Arrest,173,15.497274705095464
2023-01,Suburban,Fire,83,14.742468477528467
2023-01,Suburban,Other,175,15.185410892349374
2023-01,Urban,Accident,1622,15.086544624824796
2023-01,Urban,Cardiac Arrest,630,15.371264399986154
2023-01,Urban,Fire,302,14.964069156111067
2023-01,Urban,Other,592,15.234646983285966
2023-02,Rural,Accident,176,15.420034044221152
2023-02,Rural,Cardiac Arrest,72,14.750541084208407
2023-02,Rural,Fire,46,13.795376390910713
2023-02,Rural,Other,90,15.004817474915608
2023-02,Suburban,Accident,394,15.04475649364871
2023-02,Suburban,Cardiac Arrest,168,14.667903169432112
2023-02,Suburban,Fire,84,14.97436128834389
2023-02,Suburban,Other,163,15.305400100647098
2023-02,Urban,Accident,1410,15.087845028767266
2023-02,Urban,Cardiac Arrest,580,15.036156774241926
2023-02,Urban,Fire,268,15.341112846073843
2023-02,Urban,Other,581,15.359629285914137
2023-03,Rural,Accident,229,15.138454183853126
2023-03,Rural,Cardiac Arrest,95,14.74611363549993
2023-03,Rural,Fire,40,14.804240569758884
2023-03,Rural,Other,104,15.982782643539165
2023-03,Suburban,Accident,471,14.995921471181665
2023-03,Suburban,Cardiac Arrest,170,15.353606914985686
2023-03,Suburban,Fire,88,14.765909392908894
2023-03,Suburban,Other,183,14.530477947229265
2023-03,Urban,Accident,1561,15.101247798320761
2023-03,Urban,Cardiac Arrest,624,15.140960567221763
2023-03,Urban,Fire,293,14.791303000920767
2023-03,Urban,Other,606,15.147422400538849
2023-04,Rural,Accident,222,14.822113531365426
2023-04,Rural,Cardiac Arrest,83,14.822123694829163
2023-04,Rural,Fire,46,15.434444797078408
2023-04,Rural,Other,83,14.55534545541533
2023-04,Suburban,Accident,430,15.16075455177238
2023-04,Suburban,Cardiac Arrest,190,15.13059823819225
2023-04,Suburban,Fire,79,15.578530293593003
2023-04,Suburban,Other,165,14.174730064318442
2023-04,Urban,Accident,1495,15.202834766024758
2023-04,Urban,Cardiac Arrest,607,14.928223636459267
2023-04,Urban,Fire,299,14.984052489361915
2023-04,Urban,Other,621,15.156388355573663
2023-05,Rural,Accident,237,15.364843363466425
2023-05,Rural,Cardiac Arrest,91,15.547901055930542
2023-05,Rural,Fire,54,15.406732085785109
2023-05,Rural,Other,90,15.124073957837542
2023-05,Suburban,Accident,464,14.975414120796149
2023-05,Suburban,Cardiac Arrest,141,14.962262927801204
2023-05,Suburban,Fire,88,14.540253419578022
2023-05,Suburban,Other,182,14.745293802827119
2023-05,Urban,Accident,1506,15.026158178397298
2023-05,Urban,Cardiac Arrest,635,15.114239957993288
2023-05,Urban,Fire,336,14.762979765346575
2023-05,Urban,Other,640,15.422689496495044
2023-06,Rural,Accident,210,14.823372239468176
2023-06,Rural,Cardiac Arrest,82,15.218772622800099
2023-06,Rural,Fire,40,15.18693055273767
2023-06,Rural,Other,100,14.874102882823836
2023-06,Suburban,Accident,434,15.01746681420056
2023-06,Suburban,Cardiac Arrest,198,15.09623376386183
2023-06,Suburban,Fire,83,14.591056870804145
2023-06,Suburban,Other,178,14.714051136206423
2023-06,Urban,Accident,1523,15.058923862633494
2023-06,Urban,Cardiac Arrest,592,15.02024656842677
2023-06,Urban,Fire,291,15.286646687069261
2023-06,Urban,Other,589,14.97601965241527
2023-07,Rural,Accident,224,15.891388487337762
2023-07,Rural,Cardiac Arrest,91,14.539328230100496
2023-07,Rural,Fire,42,13.448293572097944
2023-07,Rural,Other,70,14.547024181693859
2023-07,Suburban,Accident,463,15.069646546975164
2023-07,Suburban,Cardiac Arrest,178,14.826398483567006
2023-07,Suburban,Fire,84,15.361610819461324
2023-07,Suburban,Other,173,15.050164940810406
2023-07,Urban,Accident,1554,15.088892983251883
2023-07,Urban,Cardiac Arrest,638,15.430057191738054
2023-07,Urban,Fire,286,14.795111571634301
2023-07,Urban,Other,661,15.172317237079683
2023-08,Rural,Accident,212,15.446057791322055
2023-08,Rural,Cardiac Arrest,65,14.504939388172408
2023-08,Rural,Fire,71,15.317798064313452
2023-08,Rural,Other,85,14.924003535024914
2023-08,Suburban,Accident,455,14.852083460670864
2023-08,Suburban,Cardiac Arrest,189,14.840874939975382
2023-08,Suburban,Fire,88,15.133457663418197
2023-08,Suburban,Other,178,15.672688347468627
2023-08,Urban,Accident,1533,15.131884540558525
2023-08,Urban,Cardiac Arrest,655,14.875774008729389
2023-08,Urban,Fire,297,14.760355204323837
2023-08,Urban,Other,636,15.04778234382147
2023-09,Rural,Accident,195,14.670383877164237
2023-09,Rural,Cardiac Arrest,68,14.119052310050925
2023-09,Rural,Fire,36,15.591357331281179
2023-09,Rural,Other,77,15.375703300597346
2023-09,Suburban,Accident,426,14.901314897812385
2023-09,Suburban,Cardiac Arrest,167,14.94636498007404
2023-09,Suburban,Fire,76,14.899469067020613
2023-09,Suburban,Other,177,15.46158481515268
2023-09,Urban,Accident,1566,15.127482092835017
2023-09,Urban,Cardiac Arrest,647,15.268172731907123
2023-09,Urban,Fire,290,15.45584618862713
2023-09,Urban,Other,595,15.16401558779883
2023-10,Rural,Accident,205,15.281213675698037
2023-10,Rural,Cardiac Arrest,97,15.331183000336253
2023-10,Rural,Fire,56,15.183549774970597
2023-10,Rural,Other,88,14.834175584431224
2023-10,Suburban,Accident,465,15.130606119808215
2023-10,Suburban,Cardiac Arrest,185,14.670174862324126
2023-10,Suburban,Fire,90,15.134073201070002
2023-10,Suburban,Other,183,14.449932316931507
2023-10,Urban,Accident,1567,14.98561009764228
2023-10,Urban,Cardiac Arrest,629,14.911358839749898
2023-10,Urban,Fire,298,14.83334727809975
2023-10,Urban,Other,601,14.721847026046465
2023-11,Rural,Accident,225,14.807460068723001
2023-11,Rural,Cardiac Arrest,97,14.47148961771986
2023-11,Rural,Fire,35,13.906768061244215
2023-11,Rural,Other,96,14.65472554755602
2023-11,Suburban,Accident,409,14.801111826605998
2023-11,Suburban,Cardiac Arrest,175,15.069948678815194
2023-11,Suburban,Fire,71,14.77160543321407
2023-11,Suburban,Other,170,14.07350463657259
2023-11,Urban,Accident,1479,15.207094652133064
2023-11,Urban,Cardiac Arrest,683,15.063645923780763
2023-11,Urban,Fire,306,15.178449065236718
2023-11,Urban,Other,574,14.942848610542521
2023-12,Rural,Accident,230,15.087941929505906
2023-12,Rural,Cardiac Arrest,81,14.252108783859589
2023-12,Rural,Fire,52,16.414086711395736
2023-12,Rural,Other,76,15.574970701400972
2023-12,Suburban,Accident,486,15.097429180051241
2023-12,Suburban,Cardiac Arrest,201,14.738495686066324
2023-12,Suburban,Fire,83,15.371885644620665
2023-12,Suburban,Other,176,14.766203946215127
2023-12,Urban,Accident,1549,15.099428806986209
2023-12,Urban,Cardiac Arrest,594,15.152108385315538
2023-12,Urban,Fire,300,14.891044867615932
2023-12,Urban,Other,636,14.82172998527791
2024-01,Rural,Accident,213,14.493379555473082
2024-01,Rural,Cardiac Arrest,95,15.11874214160904
2024-01,Rural,Fire,53,14.878778211335089
2024-01,Rural,Other,106,15.507567407694784
2024-01,Suburban,Accident,446,15.416265345005973
2024-01,Suburban,Cardiac Arrest,193,14.845065309728593
2024-01,Suburban,Fire,104,14.852141084759515
2024-01,Suburban,Other,189,14.715944557347147
2024-01,Urban,Accident,1553,15.213792251110965
2024-01,Urban,Cardiac Arrest,624,15.322629898952615
2024-01,Urban,Fire,293,15.114483856813305
2024-01,Urban,Other,595,14.530496789770716
2024-02,Rural,Accident,223,15.419050426992642
2024-02,Rural,Cardiac Arrest,77,15.167556657439714
2024-02,Rural,Fire,43,15.83015573539912
2024-02,Rural,Other,73,14.44678097428838
2024-02,Suburban,Accident,417,14.996855678616685
2024-02,Suburban,Cardiac Arrest,163,14.719293188586377
2024-02,Suburban,Fire,72,13.222396494979009
2024-02,Suburban,Other,176,15.050481461983829
2024-02,Urban,Accident,1466,15.240099071352715
2024-02,Urban,Cardiac Arrest,602,14.84099000470915
2024-02,Urban,Fire,293,14.731160427214503
2024-02,Urban,Other,571,15.044054850710642
2024-03,Rural,Accident,201,14.894797480556361
2024-03,Rural,Cardiac Arrest,84,16.043288107772394
2024-03,Rural,Fire,55,15.549519984708391
2024-03,Rural,Other,98,15.663085313099456
2024-03,Suburban,Accident,461,14.960639827180495
2024-03,Suburban,Cardiac Arrest,179,14.306757482538773
2024-03,Suburban,Fire,91,15.215942620573927
2024-03,Suburban,Other,187,14.63920790874938
2024-03,Urban,Accident,1505,15.084206970968888
2024-03,Urban,Cardiac Arrest,612,14.903483293127254
2024-03,Urban,Fire,322,15.303105712908344
2024-03,Urban,Other,669,15.152413413194445
2024-04,Rural,Accident,217,15.018892326558971
2024-04,Rural,Cardiac Arrest,76,14.523353516241576
2024-04,Rural,Fire,50,14.761727937292397
2024-04,Rural,Other,97,14.681213659780564
2024-04,Suburban,Accident,431,15.397818986834388
2024-04,Suburban,Cardiac Arrest,193,15.255346252152705
2024-04,Suburban,Fire,110,13.967105872262184
2024-04,Suburban,Other,168,14.89104052381725
2024-04,Urban,Accident,1528,15.03863498889197
2024-04,Urban,Cardiac Arrest,565,14.961374901832505
2024-04,Urban,Fire,315,14.75696610993543
2024-04,Urban,Other,570,14.937047291441234
2024-05,Rural,Accident,206,15.04231413155626
2024-05,Rural,Cardiac Arrest,92,14.986572431852451
2024-05,Rural,Fire,44,15.389039419883336
2024-05,Rural,Other,100,15.133288132776745
2024-05,Suburban,Accident,457,14.900317580104206
2024-05,Suburban,Cardiac Arrest,169,14.862585071549173
2024-05,Suburban,Fire,89,14.8480355178775
2024-05,Suburban,Other,177,15.505463499827146
2024-05,Urban,Accident,1564,14.990055973015151
2024-05,Urban,Cardiac Arrest,643,14.881433256787748
2024-05,Urban,Fire,318,15.099021061065342
2024-05,Urban,Other,605,14.737433545352795
2024-06,Rural,Accident,221,14.976084619811182
2024-06,Rural,Cardiac Arrest,88,14.771895481988752
2024-06,Rural,Fire,42,16.1731960328816
2024-06,Rural,Other,83,15.107423296506107
2024-06,Suburban,Accident,441,15.186739738900123
2024-06,Suburban,Cardiac Arrest,166,15.63464780711254
2024-06,Suburban,Fire,74,15.889780354123562
2024-06,Suburban,Other,158,14.519987456947899
2024-06,Urban,Accident,1520,15.250660952617228
2024-06,Urban,Cardiac Arrest,600,15.115264229747199
2024-06,Urban,Fire,302,15.116939364702805
2024-06,Urban,Other,625,14.75467405924988
2024-07,Rural,Accident,242,15.21129060666616
2024-07,Rural,Cardiac Arrest,80,14.482173986668945
2024-07,Rural,Fire,42,15.174470361500513
2024-07,Rural,Other,102,15.3139270682636
2024-07,Suburban,Accident,473,15.108865167534699
2024-07,Suburban,Cardiac Arrest,194,15.583074217709209
2024-07,Suburban,Fire,87,14.7871947630382
2024-07,Suburban,Other,186,14.984778911171434
2024-07,Urban,Accident,1557,15.074008988023042
2024-07,Urban,Cardiac Arrest,596,15.283817232062587
2024-07,Urban,Fire,326,15.320896357581434
2024-07,Urban,Other,579,15.229021863503254
2024-08,Rural,Accident,208,14.668439441519821
2024-08,Rural,Cardiac Arrest,96,14.994410506315747
2024-08,Rural,Fire,37,15.671295381738883
2024-08,Rural,Other,100,15.532777861842032
2024-08,Suburban,Accident,439,14.651569928790458
2024-08,Suburban,Cardiac Arrest,165,14.734410792406115
2024-08,Suburban,Fire,100,14.70722392337015
2024-08,Suburban,Other,169,15.141059396889483
2024-08,Urban,Accident,1576,15.122322044975434
2024-08,Urban,Cardiac Arrest,662,15.012010768491288
2024-08,Urban,Fire,294,15.503188829334206
2024-08,Urban,Other,618,14.850895356378556
2024-09,Rural,Accident,232,15.343152904693063
2024-09,Rural,Cardiac Arrest,90,15.209700812812283
2024-09,Rural,Fire,28,14.95366207114175
2024-09,Rural,Other,81,15.776195018456665
2024-09,Suburban,Accident,433,15.343171826891698
2024-09,Suburban,Cardiac Arrest,174,14.324575298554096
2024-09,Suburban,Fire,82,14.056569124200536
2024-09,Suburban,Other,196,14.767677144602597
2024-09,Urban,Accident,1512,14.987561626374433
2024-09,Urban,Cardiac Arrest,580,15.063761685468766
2024-09,Urban,Fire,308,15.100473699563754
2024-09,Urban,Other,604,15.018840121773597
2024-10,Rural,Accident,207,15.989936922574907
2024-10,Rural,Cardiac Arrest,99,14.550088708067237
2024-10,Rural,Fire,35,15.285181309493133
2024-10,Rural,Other,87,15.579516197495726
2024-10,Suburban,Accident,471,15.19816155640737
2024-10,Suburban,Cardiac Arrest,160,16.38329767738032
2024-10,Suburban,Fire,90,15.096486317688006
2024-10,Suburban,Other,183,15.015686227166318
2024-10,Urban,Accident,1544,14.97995648713743
2024-10,Urban,Cardiac Arrest,647,14.883732412666749
2024-10,Urban,Fire,327,14.883967787599973
2024-10,Urban,Other,614,15.204691819744696
2024-11,Rural,Accident,191,15.461317029862878
2024-11,Rural,Cardiac Arrest,76,15.701890022394048
2024-11,Rural,Fire,39,15.43550586946169
2024-11,Rural,Other,89,14.622413470666578
2024-11,Suburban,Accident,414,14.714696025155776
2024-11,Suburban,Cardiac Arrest,175,15.30161078722258
2024-11,Suburban,Fire,94,14.871111877329927
2024-11,Suburban,Other,151,14.799502351824607
2024-11,Urban,Accident,1533,14.916350328231127
2024-11,Urban,Cardiac Arrest,616,15.070942316746006
2024-11,Urban,Fire,303,15.241920328982859
2024-11,Urban,Other,639,15.26930459503646
2024-12,Rural,Accident,226,15.010361126502687
2024-12,Rural,Cardiac Arrest,80,14.845969422245393
2024-12,Rural,Fire,44,15.854639526642194
2024-12,Rural,Other,92,15.509840449217917
2024-12,Suburban,Accident,439,15.298034143891686
2024-12,Suburban,Cardiac Arrest,172,14.994621671837638
2024-12,Suburban,Fire,118,14.855156648184046
2024-12,Suburban,Other,162,14.771979913544982
2024-12,Urban,Accident,1498,15.126234874337419
2024-12,Urban,Cardiac Arrest,623,15.056705083266163
2024-12,Urban,Fire,291,15.4370500167892
2024-12,Urban,Other,576,14.862522057993052
